"compound","temp","liver_AUC_average","serum_AUC_average","tstat","CILower97.5","CIHigher2.5","pvalue_boot","CILower97.5_foldchange","CIHigher2.5_foldchange","Fold_average_CI","Tissue"
"Ala","C",3.19585577358883,0.921398598185517,15.6030927861391,2.2168007178859,2.3286024292703,0,3.40590849850584,3.52724763620864,3.46657806735724,"Liver"
"Ala","R",4.08831148020194,1.07147846139705,23.4640395651898,2.96991243558648,3.04145884887803,0,3.77178920770293,3.83856275086707,3.805175979285,"Liver"
"Ala","T",4.58183355591584,1.1890460829017,21.2316715022403,3.3444831682742,3.43482725938749,0,3.81274478455238,3.88872509550284,3.85073494002761,"Liver"
"Arg","C",1.3285593162544,0.608576668123427,6.21434709121672,0.682536279824902,0.778879076540608,0,2.12152883206899,2.27983722895969,2.20068303051434,"Liver"
"Arg","R",2.19550656448785,0.394712562766644,11.063136292022,1.74037935097244,1.86324496138502,0,5.40923222401046,5.7205109164123,5.56487157021138,"Liver"
"Arg","T",1.40692304716381,0.432198181567839,4.42007129770319,0.924574406735487,1.09889301563718,0,3.13923715130292,3.5425674204617,3.34090228588231,"Liver"
"Asn","C",1.57125887266937,0.145750558919704,2.52332300774942,1.25189971748639,2.82790302861335,0,9.58933047506239,20.4023477479169,14.9958391114896,"Liver"
"Asn","R",3.04581344850284,0.294049298740165,3.09245500945599,2.45483319059729,3.64387454202047,0,9.34837287868008,13.3920531612638,11.3702130199719,"Liver"
"Asn","T",2.1828046789006,0.258867535037959,2.94379379066385,1.71136178916109,2.85665108643774,0,7.61095563377673,12.035184794489,9.82307021413288,"Liver"
"Asp","C",1.44203327345388,1.37783543716572,0.483168779847376,0.0164249229542035,0.112905959161159,0.0178,1.01192081616654,1.08194444424612,1.04693263020633,"Liver"
"Asp","R",1.65061222337908,1.2564157287544,1.65624320785174,0.309745158078188,0.516779565817229,0,1.2465307867367,1.41131255681554,1.32892167177612,"Liver"
"Asp","T",2.38407559991242,1.59345801890788,4.26923162861626,0.727143570265406,0.859046394326343,0,1.45633054754952,1.53910826901804,1.49771940828378,"Liver"
"Citrulline","C",2.32020776068945,3.08165166851699,-5.71209306775468,-0.816816456375316,-0.707641769574908,0,0.734941990777173,0.770369319542383,0.752655655159778,"Liver"
"Citrulline","R",3.31652065951631,3.20646051020073,0.54796084802577,0.0158410033783665,0.175888862523077,0.0298,1.00494033945778,1.05485452322382,1.0298974313408,"Liver"
"Citrulline","T",2.82231760256625,3.68890890527515,-4.11418476680174,-0.952864069468977,-0.800303971840315,0,0.741694876740822,0.783051305307139,0.762373091023981,"Liver"
"15N-Gln","C",4.35242874151385,2.71706796421925,12.7926570820641,1.58819831308561,1.67974945398661,0,1.58452653154077,1.618221360712,1.60137394612638,"Liver"
"15N-Gln","R",4.43560595001002,2.46581868176049,13.2462251757635,1.94366186924878,1.99472929791673,0,1.78824200807056,1.80895213937327,1.79859707372191,"Liver"
"15N-Gln","T",5.06749742364489,2.75079121428454,13.1138933488493,2.28188456814864,2.34594079549578,0,1.82953753679999,1.85282401052962,1.8411807736648,"Liver"
"15N,13C-Gln","C",1.19822223961157,3.10193224150069,-16.8549967356733,-1.92415957617467,-1.88276161407145,0,0.379690004046066,0.393035866843892,0.386362935444979,"Liver"
"15N,13C-Gln","R",2.26776264643032,3.83456734862342,-8.86042954873652,-1.60031892865398,-1.53208470812584,0,0.582659845776739,0.600454348865239,0.591557097320989,"Liver"
"15N,13C-Gln","T",1.96948419496631,3.92317259610247,-11.8665811096609,-1.99285214904949,-1.92113412735882,0,0.492030467629868,0.510311086168527,0.501170776899197,"Liver"
"Glu","C",2.49898761990776,1.37744937002208,8.72840102072821,1.07937343424779,1.16503660307668,0,1.78360298225008,1.84579268641867,1.81469783433437,"Liver"
"Glu","R",3.37025272617535,1.57610303189411,17.6639485018621,1.76648489680807,1.82587385823359,0,2.12079277881038,2.15847366655929,2.13963322268484,"Liver"
"Glu","T",3.77577884244618,1.9253817455075,10.7640928104462,1.7786582928417,1.90865124204323,0,1.92379513672644,1.99131055256792,1.95755284464718,"Liver"
"Gly","C",0.0697350589997565,0.0538675691424137,1.58277553612485,0.0111709991251303,0.0193998092485435,2e-04,1.20737893509909,1.36013893994835,1.28375893752372,"Liver"
"Gly","R",0.0813426979463302,0.0818871948302318,-0.0506902190985265,-0.00615085757620649,0.00354748901860163,0.77,0.924886209755281,1.0433216576286,0.984103933691939,"Liver"
"Gly","T",0.100000601062846,0.101022892083299,-0.0516456754752589,-0.0184161741199676,0.00546857613965152,0.7176,0.817702960782568,1.05413204895324,0.935917504867906,"Liver"
"Ile","C",0.107328517937394,0.234795232439639,-19.9146528908053,-0.129594109365772,-0.125478127774845,0,0.448054766618449,0.465584856766192,0.45681981169232,"Liver"
"Ile","R",0.108977699801092,0.293114149056605,-14.054792362801,-0.188790692365715,-0.180326934563863,0,0.355914093627543,0.384789389579965,0.370351741603754,"Liver"
"Ile","T",0.10043137841612,0.318326727067995,-15.0056075400518,-0.222300601659134,-0.214469731454023,0,0.301659010204159,0.32625911298924,0.3139590615967,"Liver"
"Leu","C",0.226882807046912,0.219973147478309,0.899239077206401,0.00477251202656028,0.00914445199600297,0,1.02169588461715,1.04157076489031,1.03163332475373,"Liver"
"Leu","R",0.233527348042746,0.284196172586904,-3.26180916105241,-0.0546837479174914,-0.0472332494377735,0,0.807584502564792,0.833800543449155,0.820692523006974,"Liver"
"Leu","T",0.218497072787979,0.293819638771694,-3.88771930729374,-0.0810562792898673,-0.0700164453309575,0,0.724129130276243,0.761702636271491,0.742915883273867,"Liver"
"Met","C",0.697117068269119,0.573693204365912,2.76108085011769,0.10920441527237,0.138444734006862,0,1.19035333596651,1.24132189984694,1.21583761790673,"Liver"
"Met","R",0.670288737226709,0.55105271908357,2.56952639868541,0.100395460264773,0.130867171922224,0,1.18218848539889,1.23748575660758,1.20983712100323,"Liver"
"Met","T",0.55965942325644,0.545237166683007,0.376885609422571,0.00414904638499889,0.0327968328791674,0.0072,1.00760961768296,1.06015149898656,1.03388055833476,"Liver"
"Ornithine","C",0.733320449909224,1.06343832871108,-4.5631865970742,-0.352350511464521,-0.30838025505115,0,0.668668598872508,0.710015854492553,0.68934222668253,"Liver"
"Ornithine","R",0.618520093739428,1.26974181775,-5.4595104885681,-0.718275105103668,-0.614186104872704,0,0.434314051043494,0.51629055900431,0.475302305023902,"Liver"
"Ornithine","T",1.11981361942876,2.0076949482531,-2.64395120245507,-0.989253074996582,-0.488105065705252,0,0.507269231385309,0.756882854076037,0.632076042730673,"Liver"
"Phe","C",0.444674586418368,0.206299061991318,8.32351003753558,0.229433289748714,0.249597991032502,0,2.1121392774843,2.20988427491254,2.16101177619842,"Liver"
"Phe","R",0.496829223309956,0.23877405247569,8.71686707212816,0.251088290802083,0.266165272866624,0,2.05157276596311,2.11471606779268,2.0831444168779,"Liver"
"Phe","T",0.502274247830751,0.218718295135139,9.19126860599459,0.272343504613662,0.296343287194771,0,2.245179350202,2.35490854576966,2.30004394798583,"Liver"
"Pro","C",0.0847378112838345,0.0710606249115929,1.40256915013534,0.0112983153752459,0.0170585185485795,0,1.15899544071421,1.2400558476625,1.19952564418836,"Liver"
"Pro","R",0.0975985166341989,0.114135980480041,-0.853961131706722,-0.0227605934595684,-0.0133301625404787,0,0.800583537602776,0.88320806038189,0.841895798992333,"Liver"
"Pro","T",0.158627884185257,0.206094252434435,-1.64838594125404,-0.0587268192707266,-0.0396963457823481,4e-04,0.715048728545162,0.807387419525555,0.761218074035359,"Liver"
"Ser","C",0.0361456243477017,0.0514830142438033,-1.3989782451226,-0.0198527968966884,-0.0110297122832643,0,0.61438161327009,0.785760168761061,0.700070891015576,"Liver"
"Ser","R",0.0423491330472348,0.0450524258840581,-0.210020204192427,-0.00778332653210702,0.00201737972294569,0.2436,0.827238458764966,1.04477849268622,0.936008475725592,"Liver"
"Ser","T",0.0392944690496664,0.0666892627633375,-1.69018217635943,-0.0338923312149302,-0.0217037976749046,0,0.491787286130226,0.674553342238531,0.583170314184378,"Liver"
"Trp","C",0.0358133413593069,0.0113201604177682,5.66293164358728,0.0230818585775589,0.026557639034497,0,3.03900454814487,3.34604794052317,3.19252624433402,"Liver"
"Trp","R",0.0383169607675396,0.0182749251447793,3.00435657952983,0.017570757816467,0.0224723777786706,0,1.96146811422024,2.22968371145916,2.0955759128397,"Liver"
"Trp","T",0.0461328449232706,0.028373957530266,2.4798149700335,0.0147648081687534,0.0200463814397931,0,1.52036478002774,1.70650635951682,1.61343556977228,"Liver"
"Tyr","C",2.12487746921431,0.679521741392456,12.797065276597,1.40357356713683,1.47531366783768,0,3.06553150788181,3.17110590871531,3.11831870829856,"Liver"
"Tyr","R",2.4088864414757,0.646389283917492,20.5909479074603,1.74224123563711,1.7779735964415,0,3.69534362494088,3.75062356489878,3.72298359491983,"Liver"
"Tyr","T",2.74581301804796,0.752353813172349,15.6800045603882,1.95537769889136,2.03236698174877,0,3.59901347564968,3.70134469469778,3.65017908517373,"Liver"
"Val","C",0.0962003285182916,0.150846740496935,-8.44243027634282,-0.056775030932153,-0.0526585016922148,0,0.623624410145564,0.650913891021167,0.637269150583365,"Liver"
"Val","R",0.0937418191862011,0.184976956941161,-9.68979343258111,-0.0941384506431835,-0.088501098037036,0,0.491080120465341,0.521556092712742,0.506318106589041,"Liver"
"Val","T",0.0901320988069925,0.203570249760688,-9.12721898705482,-0.11678700828755,-0.109482839754763,0,0.426306110913349,0.462186444809749,0.444246277861549,"Liver"
