"compound","temp","bat_AUC_average","serum_AUC_average","tstat","CILower97.5","CIHigher2.5","pvalue_boot","CILower97.5_foldchange","CIHigher2.5_foldchange","Fold_average_CI","Tissue"
"Ala","C",0.569064084802683,0.918561152214152,-6.45821798077401,-0.367254641358379,-0.327508330440603,0,0.600184875581634,0.643455060502876,0.621819968042255,"BAT"
"Ala","R",0.412335515787589,1.07147846139705,-4.42988189912903,-0.712751650519479,-0.598956280024668,0,0.334796100716616,0.44100016789538,0.387898134305998,"BAT"
"Ala","T",0.168553613240759,1.1890460829017,-11.8232302200605,-1.05650443160813,-0.990473946146434,0,0.1114688935942,0.167001211820722,0.139235052707461,"BAT"
"Arg","C",0.469130333614271,0.614444782358277,-3.9799817111526,-0.15993557837729,-0.129777266648135,0,0.739707158447261,0.788789374774993,0.764248266611127,"BAT"
"Arg","R",0.299961328518113,0.394712562766644,-1.67507762363504,-0.116646713261191,-0.0795005703088501,0,0.704476816132774,0.798586166724439,0.751531491428607,"BAT"
"Arg","T",0.359092428888987,0.432198181567839,-0.910938272871093,-0.0925912819428963,-0.0564598213979543,0,0.785766609181434,0.869365897854681,0.827566253518057,"BAT"
"Asn","C",0.542069866622687,0.154324933791177,6.03691765854508,0.370806345282388,0.437524054769639,0,3.40276367643961,3.83508337908422,3.61892352776192,"BAT"
"Asn","R",0.425871075500717,0.294049298740165,2.98107823097537,0.117739956535694,0.145353928007043,0,1.40040890095689,1.49431822701092,1.44736356398391,"BAT"
"Asn","T",0.366563200094878,0.258867535037959,1.60684795422115,0.0872255930356605,0.135076188444002,2e-04,1.33695068415153,1.5217965567764,1.42937362046397,"BAT"
"Asp","C",1.43496567459437,1.39145631912896,0.359688731113047,0.00704517790690428,0.0749641362548306,0.0252,1.00506316857385,1.05387458824561,1.02946887840973,"BAT"
"Asp","R",0.922581613207672,1.2564157287544,-3.69312769513966,-0.363134688866634,-0.307706927378696,0,0.710975690166946,0.755091471448106,0.733033580807526,"BAT"
"Asp","T",0.657651324023673,1.59345801890788,-6.08791877504348,-0.997489614266492,-0.864093710362549,0,0.374009479741331,0.457724207284244,0.415866843512787,"BAT"
"Citrulline","C",0.787543468621364,3.08744504478396,-23.4164196315382,-2.33708085716819,-2.26187167233903,0,0.243037261143631,0.267396944875078,0.255217103009355,"BAT"
"Citrulline","R",1.124354916533,3.20646051020073,-13.1363166354836,-2.19336814040527,-2.04369734906001,0,0.315953484090168,0.362631367965274,0.339292426027721,"BAT"
"Citrulline","T",1.75241799637967,3.68890890527515,-13.9371362474259,-1.96047248261297,-1.91111886153315,0,0.468549499878002,0.481928420948469,0.475238960413236,"BAT"
"15N-Gln","C",5.47935600978835,2.71737426077498,29.0136082082698,2.73805601834322,2.79006068311449,0,2.00761093452116,2.02674877119016,2.01717985285566,"BAT"
"15N-Gln","R",4.82795886182452,2.46581868176049,17.4488611933029,2.33630623036475,2.39380334194514,0,1.94747689586678,1.97079455178597,1.95913572382637,"BAT"
"15N-Gln","T",4.05462600233357,2.75079121428454,7.72117799048123,1.26178798862379,1.34110959832092,0,1.4587000213144,1.48753594651484,1.47311798391462,"BAT"
"15N,13C-Gln","C",1.25520081989951,3.11421818652863,-17.9828001761428,-1.88226300490022,-1.83627615438526,0,0.395590516733078,0.410357256813747,0.402973886773412,"BAT"
"15N,13C-Gln","R",1.93693414342812,3.83456734862342,-12.1129248582534,-1.9361795198202,-1.85488580305033,0,0.495072235329163,0.516272467162112,0.505672351245637,"BAT"
"15N,13C-Gln","T",2.72590317750031,3.92317259610247,-7.60454291667518,-1.23143625257679,-1.16611300378803,0,0.686112139496443,0.702762757634849,0.694437448565646,"BAT"
"Glu","C",1.90599371053674,1.38343296989992,7.18515113381023,0.488964004651381,0.543685803937718,0,1.35344249796703,1.39299757615076,1.3732200370589,"BAT"
"Glu","R",1.93505128074893,1.57610303189411,5.02930676873605,0.327836864773096,0.383929317508717,0,1.20800471678499,1.24359404793944,1.22579938236222,"BAT"
"Glu","T",1.28946785422655,1.9253817455075,-5.20923267171245,-0.677766769444201,-0.600060219318701,0,0.647983174751897,0.68834221020386,0.668162692477879,"BAT"
"Gly","C",0.0549231195397012,0.054035348221707,0.0604257189087065,-0.0033217969715812,0.0056600548880786,0.6934,0.93852548228334,1.10474726404752,1.02163637316543,"BAT"
"Gly","R",0.0379041975050882,0.0818871948302318,-3.87424041887989,-0.0499144927336876,-0.0397257009146172,0,0.39044813005049,0.514872856531765,0.452660493291128,"BAT"
"Gly","T",0.0292924872668713,0.101022892083299,-3.36120948899757,-0.0870584085632655,-0.0632791088979811,6e-04,0.138230882447109,0.373616141915597,0.255923512181353,"BAT"
"Ile","C",0.747263009756206,0.236701454889634,11.4278244763462,0.492248954095253,0.527999992455983,0,3.07961946970192,3.23065799364086,3.15513873167139,"BAT"
"Ile","R",0.824474675091077,0.293114149056605,19.2088311128774,0.522253705094405,0.538738601177438,0,2.7817417097581,2.83798224313422,2.80986197644616,"BAT"
"Ile","T",0.967906807236411,0.318326727067995,13.7665304120134,0.633754584881019,0.670224396775359,0,2.99089341544874,3.10546064714258,3.04817703129566,"BAT"
"Leu","C",0.626599789218558,0.221588671809634,9.39047669028583,0.391207203257818,0.423761731253255,0,2.7654657165593,2.91237994159425,2.83892282907677,"BAT"
"Leu","R",0.703565028658108,0.284196172586904,17.8111287672683,0.413097404647683,0.426248028244454,0,2.45356427881295,2.49983732843591,2.47670080362443,"BAT"
"Leu","T",0.862607108267892,0.293819638771694,22.0772166134972,0.559552178499183,0.579035174124334,0,2.90440700573446,2.97071637738368,2.93756169155907,"BAT"
"Met","C",0.532299212521646,0.579780885196924,-1.50322636094944,-0.0570245342466246,-0.0406369664212151,0,0.901644680425682,0.929909785819495,0.915777233122589,"BAT"
"Met","R",0.509636599521812,0.55105271908357,-1.50028386003642,-0.0513173999579469,-0.0297638259463596,0,0.906873883059155,0.945987334939825,0.92643060899949,"BAT"
"Met","T",0.541946584822164,0.545237166683007,-0.0616738011643232,-0.0206114435226826,0.0191131624709267,0.7094,0.962197288112118,1.03505476816117,0.998626028136645,"BAT"
"Ornithine","C",0.267903917626966,1.07115642050718,-12.1368935071348,-0.82963683838304,-0.781273892225651,0,0.225475549135749,0.270625767377908,0.248050658256829,"BAT"
"Ornithine","R",0.455956654710187,1.26974181775,-6.90452488179348,-0.880816268792664,-0.782595917675368,0,0.306302858991064,0.383657443792677,0.344980151391871,"BAT"
"Ornithine","T",1.08418847213779,2.0076949482531,-8.81100055553258,-0.943931480701202,-0.900580565554006,0,0.529843175865677,0.551435557310336,0.540639366588006,"BAT"
"Phe","C",0.105047205725574,0.207074450765709,-10.1381053704256,-0.104659225308254,-0.0995523470871554,0,0.494581659295724,0.519243698490876,0.5069126788933,"BAT"
"Phe","R",0.115528822222899,0.23877405247569,-10.2642693511299,-0.128531881566515,-0.119447637840755,0,0.461700799421658,0.499746154985093,0.480723477203376,"BAT"
"Phe","T",0.157461428996873,0.218718295135139,-4.33707519364579,-0.0651391767268637,-0.0569432075194712,0,0.70217774106818,0.739650460039075,0.720914100553627,"BAT"
"Pro","C",0.0540256144713208,0.0719763730842937,-1.3004407101418,-0.0209187880905163,-0.00951279723994005,6e-04,0.709365904475102,0.86783444577293,0.788600175124016,"BAT"
"Pro","R",0.0721465028155529,0.114135980480041,-2.34482064181737,-0.048903612545714,-0.0389355916512757,0,0.571532023994258,0.658866630071274,0.615199327032766,"BAT"
"Pro","T",0.145733120952142,0.206094252434435,-1.86251869111177,-0.0663951655583634,-0.0561657533071091,0,0.677840770549942,0.727475401940298,0.70265808624512,"BAT"
"Ser","C",0.0437629208998742,0.0485156549324067,-0.442676930671684,-0.00844444851859253,-0.000874634642657723,0.0224,0.825943841624779,0.981972115106427,0.903957978365603,"BAT"
"Ser","R",0.0370204138256401,0.0450524258840581,-0.527909458970904,-0.0131378219961909,-0.0014499969906188,0.022,0.708388133637888,0.967815340413625,0.838101737025757,"BAT"
"Ser","T",0.030220742479604,0.0666892627633375,-2.18935785570413,-0.0421728632339759,-0.0313699699451316,0,0.367621390813148,0.529609885530519,0.448615638171834,"BAT"
"Trp","C",0.00840108322100156,0.0118051500314109,-0.648667337460785,-0.0046757556069745,-7.70525177441013e-05,0.0454,0.603922390267523,0.993472974291806,0.798697682279665,"BAT"
"Trp","R",0.00622925253861534,0.0182749251447793,-2.26953142830124,-0.0140739297760426,-0.00956173664986642,0,0.229877569153098,0.476783813114661,0.35333069113388,"BAT"
"Trp","T",0.00195458024585026,0.028373957530266,-5.64764154710713,-0.0286457725312537,-0.0247399247411633,0,-0.00957973524481951,0.128076345544196,0.0592483051496884,"BAT"
"Tyr","C",0.172513372176872,0.674173916590275,-7.36570869387902,-0.524269795410176,-0.468251634419002,0,0.222352300335586,0.305443858185366,0.263898079260476,"BAT"
"Tyr","R",0.0494235058638772,0.646389283917492,-10.4130720698555,-0.629200114857082,-0.577080282636459,0,0.0265925959604924,0.107224861249216,0.066908728604854,"BAT"
"Tyr","T",0.0781685396727635,0.752353813172349,-9.25243915399082,-0.701546626499093,-0.647722771613833,0,0.0675309751658253,0.139071590688605,0.103301282927215,"BAT"
"Val","C",0.305552387278044,0.149790861650795,6.7801347015444,0.148539480122494,0.163872730782535,0,1.99164580859934,2.09401020180102,2.04282800520018,"BAT"
"Val","R",0.353263263781268,0.184976956941161,10.0154602958972,0.163631560330419,0.173955334215442,0,1.88460510452915,1.94041623936313,1.91251067194614,"BAT"
"Val","T",0.500991224076508,0.203570249760688,18.9271855282109,0.292900977232524,0.302232179459709,0,2.43882014968715,2.48465789974225,2.4617390247147,"BAT"
